,title,label
0,House Dem Aide: We Didn’t Even See Comey’s Letter Until Jason Chaffetz Tweeted It,1
1,"FLYNN: Hillary Clinton, Big Woman on Campus - Breitbart",0
2,Why the Truth Might Get You Fired,1
3,15 Civilians Killed In Single US Airstrike Have Been Identified,1
4,Iranian woman jailed for fictional unpublished story about woman stoned to death for adultery,1
5,Jackie Mason: Hollywood Would Love Trump if He Bombed North Korea over Lack of Trans Bathrooms (Exclusive Video) - Breitbart,0
6,"Life: Life Of Luxury: Elton John’s 6 Favorite Shark Pictures To Stare At During Long, Transcontinental Flights",1
7,Benoît Hamon Wins French Socialist Party’s Presidential Nomination - The New York Times,0
8,Excerpts From a Draft Script for Donald Trump’s Q&ampA With a Black Church’s Pastor - The New York Times,0
9,"A Back-Channel Plan for Ukraine and Russia, Courtesy of Trump Associates - The New York Times",0
10,Obama’s Organizing for Action Partners with Soros-Linked ‘Indivisible’ to Disrupt Trump’s Agenda,0
11,"BBC Comedy Sketch ""Real Housewives of ISIS"" Causes Outrage",0
12,Russian Researchers Discover Secret Nazi Military Base ‘Treasure Hunter’ in the Arctic [Photos],1
13,US Officials See No Link Between Trump and Russia,1
14,"Re: Yes, There Are Paid Government Trolls On Social Media, Blogs, Forums And Websites",1
15,"In Major League Soccer, Argentines Find a Home and Success - The New York Times",0
16,Wells Fargo Chief Abruptly Steps Down - The New York Times,0
17,Anonymous Donor Pays $2.5 Million To Release Everyone Arrested At The Dakota Access Pipeline,1
18,FBI Closes In On Hillary!,1
19,Chuck Todd: ’BuzzFeed Did Donald Trump a Political Favor’ - Breitbart,0
20,News: Hope For The GOP: A Nude Paul Ryan Has Just Emerged From An Ayahuasca Tent With Visions Of A New Republican Party,1
21,"Monica Lewinsky, Clinton Sex Scandal Set for ’American Crime Story’",0
22,Rob Reiner: Trump Is ’Mentally Unstable’ - Breitbart,0
23,Massachusetts Cop’s Wife Busted for Pinning Fake Home-Invasion Robbery on Black Lives Matter,1
24,Abortion Pill Orders Rise in 7 Latin American Nations on Zika Alert - The New York Times,0
25,Nukes and the UN: a Historic Treaty to Ban Nuclear Weapons,1
26,EXCLUSIVE: Islamic State Supporters Vow to ‘Shake’ the West Following Manchester Terrorist Massacre - Breitbart,0
27,Humiliated Hillary Tries To Hide What Camera Caught 15 Mins Before Rally,1
28,Andrea Tantaros of Fox News Claims Retaliation for Sex Harassment Complaints - The New York Times,0
29,How Hillary Clinton Became a Hawk - The New York Times,0
30,Chuck Todd to BuzzFeed EIC: ’You Just Published Fake News’ - Breitbart,0
31,Israel is Becoming Pivotal to China’s Mid-Eastern Calculus http://journal-neo.org/2016/11/07/israel-is-becoming-pivotal-to-china-s-mid-eastern-calculus/,1
32,"Having Won, Boris Johnson and ‘Brexit’ Leaders Fumble - The New York Times",0
33,"Texas Oil Fields Rebound From Price Lull, but Jobs Are Left Behind - The New York Times",0
34,"Bayer Deal for Monsanto Follows Agribusiness Trend, Raising Worries for Farmers - The New York Times",0
35,Russia Moves to Ban Jehovah’s Witnesses as ‘Extremist’ - The New York Times,0
36,"Re: Why We Are Still In ‘The Danger Zone’ Until January 20th, 2017",1
37,Open Thread (NOT U.S. Election) 2016-39,1
38,Democrat Gutierrez Blames Chicago’s Gun Violence on NRA - Breitbart,0
39,Avoiding Peanuts to Avoid an Allergy Is a Bad Strategy for Most - The New York Times,0
40,MRI Shows Detailed Images of 20-Week Unborn Babies - Breitbart,0
41,4 of the Best Kinds of Milk That Aren’t Dairy,1
42,Ryan Lochte Dropped by Speedo USA and Other Retailers - The New York Times,0
43,Can I have one girlfriend without you bastards f**king it up? asks Harry,1
44,Conservatives Urge Sessions to Clean Out Obama’s Civil Rights Division - Breitbart,0
45,Internal Inquiry Sealed the Fate of Roger Ailes at Fox - The New York Times,0
46,"Press TV Debate: Duff on Lebanon, Hezbollah and Aoun’s Presidency (3 videos)",1
47,"СМИ Сербии приписали россиянам ""подготовку терактов"" в Черногории",1
48,"Samsung, After Combustible Galaxy Note 7, Unveils New Smartphone - The New York Times",0
49,Poland Vows Referendum on Migrant Quota Amidst EU Pressure: ’The Public’s Voice Will Be Heard’ - Breitbart,0
50,Sparking An Inner Revolution,1
51,Dueling Drills Further Increase NATO Russia Tensions,1
52,Study: More Than Half of Car Crashes Involve Drivers Distracted by Cell Phones - Breitbart,0
53,,1
54,Samantha Bee Explores the Dangerous Rise of the Alt Right in American Politics (Video),1
55,The Trump Election Will Spark More Individual & Collective Healing,1
56,Ep. 544 FADE to BLACK Jimmy Church w/ Laura Eisenhower : Restoring the Balance [VIDEO],1
57,Cognition and True Islam - A Book Review,1
58,"If Donald Trump Wins The Election, It Will Be The Biggest Miracle In US Political History",1
59,Mindful Eating as Way to Fight Bingeing - The New York Times,0
60,The Major Potential Impact of a Corporate Tax Overhaul - The New York Times,0
61,I wonder what GLP will be like the day after the election?,1
62,3 Makers of World’s Smallest Machines Awarded Nobel Prize in Chemistry - The New York Times,0
63,"Massive Anti-Trump Protests, Union Square NYC Live Stream",1
64,"Review: ‘Lion’ Brings Tears for a Lost Boy, Wiped Dry by Google - The New York Times",0
65,U.S. General: Islamic State Chemical Attack Had ’No Impact’ on U.S. Forces,0
66,"Jury finds all Oregon standoff defendants not guilty of federal conspiracy, gun charges",1
67,Clinton Campaign STUNNED As FBI Reportedly Reopens Probe Into Hillary Clinton Emails,1
68,Pence Will Speak at Anti-Abortion Rally - The New York Times,0
69,Bernie Sanders Says What The Media Won’t: Trump Is A Gutless Political Coward,1
70,How To Make Briquettes From Daily Waste,1
71,Treason! NYT vows 'rededication' to reporting!,1
72,Dress Like a Woman? What Does That Mean? - The New York Times,0
73,"At 91, Ella Brennan Still Feeds (and Leads) New Orleans - The New York Times",0
74,"Pressing Asia Agenda, Obama Treads Lightly on Human Rights - The New York Times",0
75,Democrats Have a 60 Percent Chance to Retake the Senate - The New York Times,0
76,"News: PR Disaster: The President Of Panasonic Has Been Forced To Resign After 60,000 Panasonic TVs Ascended To Heaven Without Warning",1
77,Judge spanks transgender-obsessed Obama: You lie! | RedFlag News,1
78,51 U.S. Diplomats Urge Strikes Against Assad in Syria - The New York Times,0
79,Franken Calls for ’Independent Investigation’ Into Trump’s ’Putin Crush’ - Breitbart,0
80,"Louisiana, Simone Biles, U.S. Presidential Race: Your Tuesday Evening Briefing - The New York Times",0
81,Turkey Threatens to Open Migrant ’Land Passage’ to Europe After Row With Dutch,0
82,Huma’s Weiner Dogs Hillary,1
83,Colin Kaepernick Starts Black Panther-Inspired Youth Camp? Wow!,1
84,Trump’s Immigration Policies Explained - The New York Times,0
85,Mary Tyler Moore Is Mourned by Dick Van Dyke and Other Stars - The New York Times,0
86,Poison,1
87,Trump Fans Rally Across the Nation to Support the President - The New York Times,0
88,Fox Biz Reporter Can't Help But Bash Clinton’s Rally After Covering Trump’s Packed Event Day Before,1
89,11 Fiction Podcasts Worth a Listen - The New York Times,0
90,Mike Birbiglia’s 6 Tips for Making It Small in Hollywood. Or Anywhere. - The New York Times,0
91,Investment Strategist Forecasts Collapse Timeline: ‘The Last Gasp Of This Economic Cycle Will Come In 2018’,1
92,"Venezuela Muzzles Legislature, Moving Closer to One-Man Rule - The New York Times",0
93,"Whether it's John McCain, Mitt Romney or Donald Trump, Democrats always run 'War on Women' tactic to destroy the Republican candidate",1
94,Breitbart News Daily: Trump Boom - Breitbart,0
95,White House Confirms More Gitmo Transfers Before Obama Leaves Office,0
96,The Geometry of Energy and Meditation of Buddha,1
97,Poll: Most Voters Have Not Heard of Democratic 2020 Election Candidates - Breitbart,0
98,Migrants Confront Judgment Day Over Old Deportation Orders - The New York Times,0
99,"M.I.T., N.Y.U. and Yale Are Sued Over Retirement Plan Fees - The New York Times",0
100,Technocracy: The Real Reason Why The UN Wants Control Over The Internet,1
101,American Drivers Regain Appetite for Gas Guzzlers - The New York Times,0
102,"Hillary Clinton Builds $150 Million War Chest, Doubling Donald Trump - The New York Times",0
103,"Trump Catches What Sick Reporter Snuck In Interview, Has Priceless Response",1
104,All 100 Senators Contacted Russian Government This Week,0
105,10 Images That Perfectly Illustrate the Struggle Against the Dakota Access Pipeline,1
106,"Washington State Takes 10 Refugees, 0 Muslim Rest of Country Takes 189 Refugees, 151 Muslim - Breitbart",0
107,Houthi forces capture Saudi military base in Asir - Russia News Now,1
108,"NCAA, Big 12 Keeps Watchful Eye on Texas Bathroom Bill - Breitbart",0
109,"Massive ESPN Financial, Subscriber Losses Drag Down Disney’s First-Quarter Sales - Breitbart",0
110,"Megyn Kelly, Contract Set to Expire Next Year, Is Primed for the Big Show - The New York Times",0
111,Teacher Suspended for Allowing Students to Hit Trump Pinata for Cinco de Mayo,0
112,BREAKING : Trump Expressed Concern Over Anthony Weiner’s “Illegal Access” to Classified Info 2 Months ago – TruthFeed,1
113,Snap Shares Leap 44% in Debut as Investors Doubt Value Will Vanish - The New York Times,0
114,Clinton Campaign Chair Had Dinner With Top DOJ Official One Day After Hillary’s Benghazi Hearing,1
115,"TV Series About ’First Female MLB Pitcher’ Canned After One, Low-Rated Season - Breitbart",0
116,"Seeking Best Fit, Women’s Final Four Returns to Friday-Sunday - The New York Times",0
117,A Proposal for a Canadian National Bird Ruffles Feathers - The New York Times,0
118,Review: Beyoncé Makes ‘Lemonade’ Out of Marital Strife - The New York Times,0
119,"Trump to Ask for Sharp Increases in Military Spending, Officials Say - The New York Times",0
120,,1
121,Why Is This Not Watergate? Smoking Gun Emails Discuss “Cleaning Up” Obama/Hillary Emails,1
122,“Chapo Trap House”: New Left-Wing Podcast is a Flagrant Rip-Off of The Right Stuff,1
123,Taiwan Responds After China Sends Carrier to Taiwan Strait - The New York Times,0
124,,1
125,The Mother Of All October Surprises—Why The House Of Cards Will Now Come Tumbling Down,1
126,Explosive Assange/Pilger Interview on US Election: Expect Riots if Hillary Wins,1
127,Telescope That ‘Ate Astronomy’ Is on Track to Surpass Hubble - The New York Times,0
128,Closed Afghan-Pakistani Border Is Becoming ‘Humanitarian Crisis’ - The New York Times,0
129,TV Anchors Arrive at the White House for Lunch with Donald Trump - Breitbart,0
130,Pelosi: Republicans Should Tell Trump He’s ’Bringing Dishonor’ to the Presidency - Breitbart,0
131,The Beautiful Prehistoric World: Is Earth Now a Wasteland?,1
132,I Ignored Trump News for a Week. Here’s What I Learned. - The New York Times,0
133,Donald Trump Unveils Plan for Families in Bid for Women’s Votes - The New York Times,0
134,"EU, Finland can help settlement of Syria conflict: Iran parliament speaker",1
135,FBI Director Comey’s ‘Leaked’ Memo Explains Why He’s Reopening the Clinton Email Case,1
136,"Montana Democrats Vote Against Bill Banning Sharia Law, Call It ’Repugnant’ - Breitbart",0
137,The Monsanto Tribunal Is Over. How Did It Go? And What Happens Now?,1
138,"The Shame, The Heartbreak- Another Day In America",1
139,It’s Official: Simone Biles Is the World’s Best Gymnast - The New York Times,0
140,,1
141,It Literally Hurts My Brain to Read the Economic Idiocy Emitted by Trumpkins | Libertarian,1
142,Gorafi Magazine : Entretien exclusif avec Barack Obama « Plus rien à secouer. Démerdez-vous » >> Le Gorafi,1
143,U.N. Secretary General Complains That The ‘Masses Have Rejected Globalism’ In Favor Of Nationalism,1
144,Trump Bollywood Ad Meant To Sway Indian American Voters Is An Hilarious Fail (VIDEO),1
145,FBI Finds Previously Unseen Hillary Clinton Emails On Weiner’s Laptop,1
146,"2 Years After This American Journalist Was Killed, Her ‘Conspiracy Theories’ on Syria are Proven as Facts",1
147,Report: Illegal Aliens Forego Food Stamps to Stay off Trump’s Radar,0
148,Make Netherlands Great Again! Hahaha It's Spreading Worldwide!,1
149,"Four killed, 10 Injured in Jerusalem Truck-Ramming Terror Attack",0
150,The Leader Salutes Comrade Newt on Brutal Megyn [sic] Kelly Beatdown: “We Don’t Play Games”,1
151,Students At Black College Just Got Beaten And Maced For Protesting KKK’s David Duke,1
152,"Despite Strict Gun Control, One ’Child or Youth’ Shot Every Day in Ontario",0
153,The Rise of the Internet Fan Bully - The New York Times,0
154,A Newly Vibrant Washington Fears That Trump Will Drain Its Culture - The New York Times,0
155,Fed Holds Interest Rates Steady and Plans Slower Increases - The New York Times,0
156,The Battle at UNESCO,1
157,The Latest Test for the White House? Pulling Off Its Easter Egg Roll - The New York Times,0
158,"Burlesque Dancer Fired, Investigated by Secret Service for Trump Assassination Tweet - Breitbart",0
159,What the Clintons Did to Haiti,1
160,"For Cuomo and Christie, Parallel Paths to the Top, and Trouble When They Got There - The New York Times",0
161,The Top 10 Places In The World You're NOT Allowed To Visit,1
162,"New Study Links Fluoride Consumption To Hypothyroidism, Weight Gain, And Worse",1
163,James Mattis Is a Secretary of Offense,1
164,A Black Church Was Just Burned And Spray-Painted “Vote Trump”,1
165,Sears Agrees to Sell Craftsman to Stanley Black &amp Decker to Raise Cash - The New York Times,0
166,Takata Chief Executive to Resign as Financial Pressure Mounts - The New York Times,0
167,"Goodbye, for Good, to Black Sabbath - The New York Times",0
168,Teen ’Geisha Dolls’ Gang Busted for Armed Robberies - Breitbart,0
169,Mohamad Khweis: Another “Virginia Man” (Palestinian-American Muslim) Charged With Terrorism,1
170,Remember This When You Talk About Standing Rock,1
171,Price on Obamacare Replacement: ‘Nobody Will Be Worse Off Financially’ - Breitbart,0
172,VA fails to properly examine thousands of veterans,1
173,Trump family already ‘sworn to secrecy’ about faked Moon landings. More soon.,1
174,Sports Writer: NFL Great Jim Brown’s Decades of Civil Rights Work is Erased for Saying Nice Things About Donald Trump - Breitbart,0
175,Spider-pig Found in Amazon Rain Forest,1
176,‘I Can Watch It on TV’: Excuses for Republicans Skipping a Donald Trump Convention - The New York Times,0
177,This Open Letter To Trump Voters Just Told It “Like It Is”,1
178,Comment on This Powerful Corporate Lobby Is Quietly Backing Hillary — and Nobody’s Talking About It by runsinquicksand,1
179,Teacher unsure about getting smashed eighth night running,1
180,Hijacking Ends Peacefully After Libyan Airliner Lands in Malta - The New York Times,0
181,You Don’t Like the Girls in ‘Girls’? That’s Its Genius. - The New York Times,0
182,Scientists Say Canadian Bacteria Fossils May Be Earth’s Oldest - The New York Times,0
183,Pro-Government Forces Advance in Syria Amid Talk of U.S.-Russia Cooperation - The New York Times,0
184,WHO cancer agency under fire for withholding ‘carcinogenic glyphosate’ documents,1
185,Work. Walk 5 Minutes. Work. - The New York Times,0
186,Militants Used Toxic Gas Near Aleppo Airport – Report,1
187,Steve Harvey Talks Housing With President-Elect Trump - The New York Times,0
188,Coalition: U.S. Troops Fighting in Mosul Offensive ’Come Under Fire’,0
189,UK citizens and war heroes get cheap pre-fab houses while Muslim colonizers get taxpayer-funded luxurious council homes,1
190,"After Vets Fight War, Feds Demand Money Back… But Illegals And Refugees Can Keep Their Money",1
191,Mr. Trump’s Wild Ride - The New York Times,0
192,"Here Is How FBI Director Comey BAMBOOZLED The DOJ, CONGRESS, And The CLINTONS All At Once",1
193,20 Foods That Naturally Unclog Arteries and Prevent Heart Attacks,1
194,Death of the ‘Two-State Solution’,1
195,"Watch: Police viciously attack, arrest peaceful protesters at DAPL including children and the elderly",1
196,,1
197,Comment on Parents on a Date Were Asleep in Car When Cops Arrived and Killed Them Both by FaceSpace,1
198,Could Teaching Men to Nurture Counteract Our Culture of Toxic Masculinity?,1
199,Donald Trump’s Team Shows Few Signs of Post-Election Moderation - The New York Times,0
200,Miami Beach Tries to Tame Its Most Raucous Street (but the Fishbowl Drinks Can Stay) - The New York Times,0
201,Doctors Mysteriously Found Dead After Summit For Breakthrough Cure For Cancer,1
202,"Donald Trump, the Unsinkable Candidate - The New York Times",0
203,"Shocking New Mock Hillary Ad Campaign Warns She’ll Take Us to War: #EnlistforHer, #FightforHer, #DieforHer",1
204,The Failure of US Democracy,1
205,EXCLUSIVE -- Family of Slain Border Patrol Agent Brian Terry Says Eric Holder Among ’The Real Criminals’ Responsible,0
206,Trump Tells Reporters: ‘Walls Work - Just Ask Israel’ - Breitbart,0
207,Will America Survive the Next 4 Years?,1
208,Commissioner Starts to Press Cleveland Indians About Logo - The New York Times,0
209,Re: Babylon Mystery Religion Series,1
210,"The UN Plans To Implant Everyone With A Biometric ID, This Is Not A Drill",1
211,Trump Attacks Senator’s Credibility Over Gorsuch’s Comments - The New York Times,0
212,Clinton Advisor LOSES IT In Leaked Email Over Hillary’s Illegal Activity,1
213,Art Laffer: ’Paul Ryan’s Just About Perfect Right Now’ - Breitbart,0
214,How Donald Trump Will Be Blamed For Economic Crash,1
215,New World Order Pushes Back on Brexit Revolution,1
216,Pokemon Go players are inadvertently stopping people committing suicide in Japan,1
217,California Senate Race Is a Tale of Diversity and a Flailing G.O.P. - The New York Times,0
218,Exclusive: Source Says Megyn Kelly ‘Would Not Be Welcomed Back’ at Fox News,0
219,"In Break With Precedent, Obama Envoys Are Denied Extensions Past Inauguration Day - The New York Times",0
220,How Will ‘Brexit’ Vote Go? Monty Python May Offer Clue - The New York Times,0
221,Blind Mystic Who Predicted 9/11 Has Bad News About Trump,1
222,Total Vetting Fail: Left-Wing Snowden Fan Girl Reality Winner Gets Access to Our NSA Secrets,0
223,,1
224,"In Somalia, U.S. Escalates a Shadow War - The New York Times",0
225,Free Care a ‘Blessing’ for Victims of Orlando Nightclub Attack - The New York Times,0
226,The most durably Democratic county in the country could go for Trump,1
227,"Fed’s Challenge, After Raising Rates, May Be Existential - The New York Times",0
228,"'Russia has no intention of attacking anyone -this is absurd,' says Vladimir Putin",1
229,США—КНР: на кого возлагать ответственность за развитие ракетно-ядерной программы КНДР? | Новое восточное обозрение,1
230,F.A.A. Investigates Errant Flight Involving Harrison Ford - The New York Times,0
231,Ask Holly: What’s everyone’s problem?,1
232,"Fed Raises Key Interest Rate, Citing Strengthening Economy - The New York Times",0
233,"La expresión “no, lo siguiente” ya es la más utilizada no, lo siguiente, en el castellano",1
234,"As Trump Berates News Media, a New Strategy Is Needed to Cover Him - The New York Times",0
235,‘Sunk Costs’: $58 Billion Wasted On Imaginary Weapons Since 1997,1
236,Changing the Montenegrin leader does not change the ideology,1
237,U.S. Drone Strike Targets Taliban Leader - The New York Times,0
238,"U.S. Intelligence: ‘Expect al-Qaeda attacks Monday in New York, Virginia and Texas’",1
239,What If I Told You Cannabis Is Great for Reversing Alzheimer’s?,1
240,Report: Megyn Kelly to Kick Off NBC Show with Kardashian Family Interview,0
241,Your Local 1-Percenters May Not Be as Rich as You Think - The New York Times,0
242,Dr. David Duke with Mark Collett of the UK. Collett explains why Duke & Trump victories would change politics forever!,1
243,"In Statement to Senate, Wells Fargo Chief Is ‘Deeply Sorry’ - The New York Times",0
244,CNN Statement Distances Network from Buzzfeed Fake News Dossier - Breitbart,0
245,"C.E.O.s Ponder a New Game, With Trump’s Rules - The New York Times",0
246,Spicer on Brady’s Stolen Jersey: ’Another Bad on the Press’ - Breitbart,0
247,A Scaredy-Cat’s Investigation Into Why People Enjoy Fear - The New York Times,0
248,The Left’s Vision,1
249,Showdown Looms as U.S. Questions Chinese Deal for German Chip Designer - The New York Times,0
250,FBI Obtains Warrant To Search Huma Abedin's Emails,1
251,Trump Administration to Take Harder Tack on Trade With China - The New York Times,0
252,Pew: American Trust Level in Federal Government Plummets to Historic Lows - Breitbart,0
253,Islamic State Supporting Former National Guardsman Pleads Guilty to Terrorism Charge in Virginia,1
254,Western QLD Drovers Show Solidarity With C.U.B Workers By Only Drinking Sauv Blanc – The Betoota Advocate,1
255,Spicer to Reporter: ’We’re Going to Raise Our Hands Like Big Boys and Girls’ - Breitbart,0
256,Leaders Applaud Gorsuch Confirmation as ’Win for Pro-Life Movement’,0
257,Newsticker (974),1
258,French Vogue’s March Cover Features a Transgender Model - The New York Times,0
259,Trump Veers From Party Line on Gun Control - The New York Times,0
260,How the Oligarchy Has Prepared the Groundwork for Stealing the Election,1
261,Ya hay más reencuentros de “Operación Triunfo” que ediciones de “Operación Triunfo”,1
262,"At Chatsworth House, a Tale of Five Centuries - The New York Times",0
263,The Uncomfortable Love Affair Between Donald Trump and the New England Patriots - The New York Times,0
264,John McCain Withdraws Support for Donald Trump After Disclosure of Recording - The New York Times,0
265,"The Strange, Unending Limbo of Egypt’s Hosni Mubarak - The New York Times",0
266,"Poverty Rose in 96% of U.S. House Districts, During Obama’s Presidency",1
267,Huma Abedin Seeks FBI Immunity Deal,1
268,"A Single Mom Escapes the Friend Zone, One Non-Date at a Time - The New York Times",0
269,Boeing Suits Up for Future of Spaceflight with New Spacesuit Design - Breitbart,0
270,Trump Floats an Olive Branch: Might Keep Parts of the Health Law - The New York Times,0
271,WaPo Tries to Compare Elizabeth Warren Breaking Senate Rules to MILO Being Shut Down by Violent Riot - Breitbart,0
272,A Crumpled School Bus Leaves Chattanooga Dazed - The New York Times,0
273,She Died And Came Back To Life With This Incredible Message For Humanity,1
274,How the Fight for a National African-American Museum Was Won - The New York Times,0
275,Father of Manchester Suicide Bomber Arrested in Libya - Breitbart,0
276,4 Secrets About True Leaders,1
277,Muslims DEMAND Locals Don’t Walk Dogs In Public – Violation Of Sharia And “DISRESPECTS” Them,1
278,Hillary Campaign Now in Bed with PAC Staff That Donated $500K to FBI Agent's Wife After Investigation,1
279,Still Not Over: They Are Trying to “Flip the Electoral College” To Block Trump’s Win,1
280,Al Sharpton to Dems: No Point Appealing to ‘Archie Bunker’ Trump Voters - Breitbart,0
281,Do you think there will be as many doom sayers if trump should get in office ?,1
282,Democrats Jump on Sessions Resignation Band Wagon - Breitbart,0
283,Russia and Turkey now sharing intelligence data,1
284,"Alt-Right Architect Glenn Beck Opens Fire On Alt-Right: ‘Grave Threat To The Republic’ (AUDIO, TWEET)",1
285,More Politicized Justice to Protect Hillary,1
286,"North Carolina, Saturated and Surprised, Reels from Hurricane Matthew - The New York Times",0
287,The Lives They Loved: Submit Your Memories - The New York Times,0
288,,1
289,"Achieving Mindfulness at Work, No Meditation Cushion Required - The New York Times",0
290,World’s First Zero-Emissions Hydrogen-Powered Passenger Train Unveiled In Germany,1
291,Confused by Chip Credit Cards? Get in Line - The New York Times,0
292,Britain sends hundreds of soldiers and tanks to Estonia in biggest military deployment since Cold War,1
293,Brooks: Trump ’Siding With a Foreign Leader Against the US President’ on Israel and Russia - Breitbart,0
294,There’s Toxic Air In Your Home and This Is You Can Get Rid of It Naturally,1
295,A Connecticut Reader Reports Record Voter Registration–Inspired By Trump,1
296,Germany Reacts to Merkel-Trump Visit: ‘Could Have Been a Lot Worse’ - The New York Times,0
297,Justin Rose Outduels Henrik Stenson for Golf Gold Medal - The New York Times,0
298,Iceland’s Water Cure - The New York Times,0
299,US to Hold Off on Cyberwar With Russia Until After Election - Jason Ditz,1
300,M.T.A. Shortens L Train Shutdown to 15 Months - The New York Times,0
301,What Time Will the Presidency Be Decided? - The New York Times,0
302,U.N. Relief Official Calls Crisis in Aleppo the ‘Apex of Horror’ - The New York Times,0
303,"After Berkeley, Treat the Violent, Anti-Speech Left Like the KKK",0
304,Statistical Propaganda: How many Syrians has US regime-change killed?,1
305,Why Self-Help Guru James Altucher Only Owns 15 Things - The New York Times,0
306,Trump’s Religious Liberty Order Gives Sessions Major Leeway - Breitbart,0
307,"¡Demoledor amparo contra Salgado, Keiko y 72 congresistas más!",1
308,"In Era of Trump, China’s President Champions Economic Globalization - The New York Times",0
309,"The Sad Saga Of John Walker Lindh, Rebel Without A Clue",1
310,Courts Disagree Over Michigan Vote Recount - The New York Times,0
311,Bernie Sanders’s Feud With the Democratic Leadership Heats Up - The New York Times,0
312,The shortest and most powerful explanation of Trump's victory I have ever seen,1
313,Russia Looks to Populate Its Far East. Wimps Need Not Apply. - The New York Times,0
314,"The Johnson Amendment, Which Trump Vows to ‘Destroy,’ Explained - The New York Times",0
315,Donald Trump to March for Life: ‘You Have My Full Support!’,0
316,"Police Official Found Dead on Long Island, and Suicide Is Suspected - The New York Times",0
317,"Life: If You Love Enamel Pins, You’ll Love This Etsy Shop, And If You Don’t Care About Enamel Pins, You’ll Explode Over This Picture Of A Bulldog Puppy, And If That Doesn’t Do It For You, You’ll Lose Your Shit Over This Amazing-Looking Pizza, And If You Don’t, We’ll Find Something For You",1
318,Nevada: Rep. Election Workers Intimidated,1
319,"Radical Changes Are In Store For The World And Global Markets, Are You Ready?",1
320,What It’s Like to Make It in Showbiz With Your Best Friend - The New York Times,0
321,Trump Nominates Neil Gorsuch to the Supreme Court - The New York Times,0
322,Sparks Fly as Bikers for Trump Meet Protesters,1
323,Bidders Cast Doubt on Seriousness of Mexican Border Wall Projects,0
324,What’s at stake in the US election?,1
325,Israel Approves Additional Funding for Settlements in West Bank - The New York Times,0
326,TX Gov Abbott: I Will Sign Legislation That Could Put Sheriffs of Sanctuary Cities in Jail - Breitbart,0
327,"Donald Trump Holds ‘Thank You’ Rally in Cincinnati, and Announces His Pick for Defense Secretary - The New York Times",0
328,Some Lawmakers Now Look to Bipartisanship on Health Care - The New York Times,0
329,Inside the Conservative Push for States to Amend the Constitution - The New York Times,0
330,Donald Trump Tells N.R.A. Hillary Clinton Wants to Let Violent Criminals Go Free - The New York Times,0
331,"Pope Francis, Trump, Japan: Your Tuesday Briefing - The New York Times",0
332,#MayorsStand4All Day Touts Support for Illegal Immigrants,0
333,Trump’s campaign for celebrity,1
334,Democrats Drag Out Jeff Sessions’ Confirmation Fight - Breitbart,0
335,"BREAKING NEWS: Podesta Brothers Pedo Ring: MR. TRUMP, DRAIN THE SWAMP!! — V, The Guerrilla Economist",1
336,Las frases más destacadas del debate de investidura,1
337,Confusing Jihad with Hirabah Won't Build a More Peaceful World,1
338,Lazy Liberal Journalists Smear Bannon,1
339,"Australia Will Close Detention Center on Manus Island, but Still Won’t Accept Asylum Seekers - The New York Times",0
340,Politico: Hillary Clinton Is Running Again - Breitbart,0
341,"Giant Lynx Makes The Most Adorable Sound, Whenever His Human Rubs His Face",1
342,Minnesota Cop Found Not Guilty in Philando Castile Shooting Trial,0
343,115 Million Americans Killed In 30 Minutes,1
344,Wayne Madsen: The CIA Has Always Served the Interests of Wall Street,1
345,November 10: Daily Contrarian Reads,1
346,"FLASHBACK - Reports: Obama’s 2008 Campaign Reps Talked with Iran, Hamas",0
347,LesserOfTwoEvilism,1
348,Another powerful earthquake strikes central Italy,1
349,Aya Cash: The First Time I Ate a Vegetable (I Was 22) - The New York Times,0
350,Trump Adviser Says Israeli Settlements ‘Not Illegal’,1
351,"Serena Williams Prevails in Opener, No Problem - The New York Times",0
352,’Soul Man’ Sam Moore ’Honored’ to Perform at Trump inauguration,0
353,Will Ferrell Just Came Back As Bush To Destroy Trump (VIDEO),1
354,Chinese Government Not Concerned with Tough Talk from Trump Cabinet - Breitbart,0
355,Billionaire Is Reported Seized From Hong Kong Hotel and Taken Into China - The New York Times,0
356,Easy to know what is up - link,1
357,A Homebody Finds the Ultimate Home Office - The New York Times,0
358,Ann Coulter Unloads on Paul Ryan’s ’Deeply Unpopular’ Obamacare 2.0 Bill - Breitbart,0
359,Transgender Bathroom Debate Turns Personal at a Vermont High School - The New York Times,0
360,Why Obama And Hillary Wanted Libya’s Gaddafi Toppled And Killed,1
361,How NATO Is Trying to Sabotage the Turkey-Russia Reset - M.K. Bhadrakumar,1
362,"ALERT: Former Soros Associate Just Warned The Pros Have It Wrong, Gold & Silver Will Skyrocket Like The 1970s",1
363,Beauty Queen Told To Lose Weight Quits Pageant - The Onion - America's Finest News Source,1
364,Is Hillary Panicking Over the FBI and Weiner Emails?,1
365,"In 77 Chaotic Minutes, Trump Defends ‘Fine-Tuned Machine’ - The New York Times",0
366,One Police Shift: Patrolling an Anxious America - The New York Times,0
367,Fighting Ghost Fascists While Aiding Real Ones,1
368,"Your Monday Evening Briefing: Brexit, Abortion, ‘Game of Thrones’ - The New York Times",0
369,"EU Increases ‘Brexit Bill’ Demand to €100 Billion, Up From €60 Billion",0
370,Arianna Huffington’s Sleep Revolution Starts at Home - The New York Times,0
371,"Путин рассказал, когда в Крыму решат проблему с пресной водой",1
372,IRANIAN MISSILE ACCIDENTALLY DESTROYS IRANIAN SHIP AIMED FOR SYRIA!,1
373,Sonoma County California Just Voted to Create the Largest GMO Free Zone in America,1
374,"FBI’s Comey: WikiLeaks Is ‘Intelligence Porn,’ Not Journalism - Breitbart",0
375,Clare Waight Keller Is Named First Female Designer of Givenchy - The New York Times,0
376,Realities Faced by Black Canadians are a National Shame,1
377,Top NFL Draft Prospect Caleb Brantley Charged With Punching a Woman in the Face - Breitbart,0
378,Videos on the Pacific Crest Trail Association and the LaVoy Finicim MURDER,1
379,12 Life Lessons from a Man Who’s Seen 12000 Deaths,1
380,Trump and G.O.P. Work to Win Repeal of Obama’s Health Act - The New York Times,0
381,Atlantic’s Goldberg: I’m ‘Not Confident’ Trump Can Handle ‘Matters of Life and Death’ - Breitbart,0
382,Why this Orthodox rabbi supports Trump,1
383,"Nuclear tensions between US, Russia reach ‘dangerous’ point",1
384,"Geo-Engineering Unlikely to Work, Conservation Group Says",1
385,Gambia Joins South Africa and Burundi in Exodus from International Criminal Court,1
386,Peyton Manning Golfed with President Trump on Sunday,0
387,Obama Urges Donald Trump to Send ‘Signals of Unity’ to Minority Groups and Women - The New York Times,0
388,Russian companies to be unable to use LinkedIn services — company - Russia News Now,1
389,‘It’s Like a Miracle’: Woman Gives Birth Using Ovary Frozen Since Childhood - The New York Times,0
390,"UConn’s Recipe for Success Is to Run, Run and Run Some More - The New York Times",0
391,"IOM says 5,238 refugees have died worldwide in 2016",1
392,Assange ‘finally afforded opportunity’ to give statement over rape accusation,1
393,Hillary’s Puppet Shows Just How Much Hillary Cares About God With Omission of 2 Words,1
394,"The Stock Market Has Gone So High, It’s a Problem - The New York Times",0
395,John Kerry Rejects Suggestions of U.S. Involvement in Turkey Coup - The New York Times,0
396,Trump Aide Stephen Miller: The U.S. ’Has an Absolute Sovereign Right to Determine Who Can and Cannot Enter the Country’ - Breitbart,0
397,4-year old Russian girl speaks 7 languages. How did she do this?,1
398,This Powerful Corporate Lobby Is Quietly Backing Hillary — and Nobody’s Talking About It,1
399,Controversial DNA search helps nab the 'Grim Sleeper' serial killer,1
400,Maintaining a Sunny Spirit in the Face of Hardship - The New York Times,0
401,Rush Limbaugh: Comey Firing an ’Epic Troll’ by Trump on Dems - Breitbart,0
402,Twitter Sues the Government to Block the Unmasking of an Account Critical of Trump - The New York Times,0
403,"Warriors, Resilient at Home, Cruise Against the Cavaliers - The New York Times",0
404,Comey Letter on Clinton Email Is Subject of Justice Dept. Inquiry - The New York Times,0
405,Trump and Clinton Choice Impacting Global Markets,1
406,Chinese J-20 stealth fighter debuts in skies of Zhuhai,1
407,"Spain, Malta, under U.S./UK pressure, refuse to allow Russian carrier group to refuel in their ports",1
408,"Review: In Radiohead’s ‘A Moon Shaped Pool,’ Patient Perfectionism - The New York Times",0
409,This is the Man Militarized Police at Standing Rock are Working For,1
410,Woman Arrested On Own Property After Her Land Was Stolen By DAPL,1
411,Pulitzer Prizes: New York Times Wins 3 Daily News and ProPublica Share Public Service Award - The New York Times,0
412,"The Vanquished to Witness the Takeover: Bushes, Clintons Will Attend Donald Trump’s Inauguration - Breitbart",0
413,"Speculation Over Possible Obama Pardon of Edward Snowden, Bowe Bergdahl and Chelsea Manning - Breitbart",0
414,Cheesy Mashed Potatoes for the Soul - The New York Times,0
415,Unprincipled WaPo Editors Damned Comey Critics - Now Join Them,1
416,"A nation ‘WRECKED’ by immigration: A civil war is brewing as do-gooding Swedes turn against Muslim migrants’ violence, rapes and murders",1
417,"Man, 73, Shot Dead by Officer Had a Crucifix, Not a Gun, Police Say - The New York Times",0
418,Exclusive—Rep. Jim Jordan on Trump’s First 100 Days: ‘I Think We’re Off to a Great Start’ - Breitbart,0
419,Haley: Attack on Syria ’One of the President’s Finest Hours’ - Breitbart,0
420,Justin Bieber Defecates On Adoring Irish Fans From Hotel Window,1
421,WHO Cancer Agency Under Fire for withholding ‘carcinogenic glyphosate’ Documents,1
422,"Gianno Caldwell Claims Hillary Only Cares About Black Vote, Not Black Lives",1
423,ISIS Uses Ramadan as Calling for New Terrorist Attacks - The New York Times,0
424,’Daily Show’ Mocks ’Mahatma Blondie’ Megyn Kelly’s NBC Debut,0
425,Health Care Bill’s Failure: Just Part of the ’Art of the Deal’ - Breitbart,0
426,Lewandowski: Comey ’a Liar’ - Looking to Sign Major Book Deal - Breitbart,0
427,Kimberly Guilfoyle Discusses Potential White House Press Secretary Job in Interview,0
428,Clinton’s Campaign Chairman John Podesta Invited to an Occult ‘Spirit Cooking’ Dinner by Marina Abramović,1
429,"How the Obama Coalition Crumbled, Leaving an Opening for Trump - The New York Times",0
430,BREAKING : Soros Hiring Anti-Trump “Protesters” Once Again For Sunday Palos Verdes Event – TruthFeed,1
431,Pregnancy Changes the Brain in Ways That May Help Mothering - The New York Times,0
432,Refugee Manhunt After Family Found in Freezer in Denmark,1
433,Global markets turn red as Toblerone scandal unfolds,1
434,FEMA Opens Loan Window As Red Cross Tries To Shut Down Shelters,1
435,GaiaPortal: Interwebs of Gaia energetics are strengthened,1
436,"Scarborough: Trump Poops His Pants, Calls It ’Modern Art’ - Breitbart",0
437,"When Cooking, Invest Time. Or Work. Not Both. - The New York Times",0
438,Bad News For Jackson Family As Woman Leaks Star’s Sick $900k Sex Secret,1
439,"Gorsuch, London, Republican Party: Your Thursday Evening Briefing - The New York Times",0
440,"Emma Morano, Last Person Born in 1800s, Dies - Breitbart",0
441,Loserpalooza: 9 Craziest Scenes from Anti-Trump Protests - Breitbart,0
442,Racist Conservatives Cheer After Hannity Tells Obama To Go Back To Africa And Stay There,1
443,What Does a Trump Victory Mean for Africa?,1
444,News: Missed Opportunity: President Obama Just Found Out That He Was Allowed To Sleep In The White House After Years Of Living In A Hotel Near The Reagan Airport,1
445,Visions of Life on Mars in Earth’s Depths - The New York Times,0
446,"After Obama Cancels Talk, Rodrigo Duterte of Philippines Says He Regrets Slur - The New York Times",0
447,"New Jersey Will Increase Gas Tax 23¢, Ending Long Political Stalemate - The New York Times",0
448,ABC: Manchester Attack ’Likely to Inflame Anti-Islamic Sentiment’ - Breitbart,0
449,Hidden in plain sight – The global depopulation agenda,1
450,Voters Can Fight Back Against Election Fraud,1
451,The Jobs Americans Do - The New York Times,0
452,Sanders Asks Obama To Intervene In Dakota Access Pipeline Dispute,1
453,"Google Adds Jobs Section to Search Engine, Including Employer Ratings - Breitbart",0
454,Crying Jordan: The Meme That Just Won’t Die - The New York Times,0
455,Dem Rep Sánchez: Trump Has Used ’Fear’ of Muslims And Immigrants To Promote Policies That ’Undermine’ Our Values - Breitbart,0
456,Announcement by the Saker Community about the German Saker blog | The Vineyard of the Saker,1
457,Shooting Victims’ Families Watch as Gun Measures Stall Once Again - The New York Times,0
458,Images reveal crashed Schiaparelli Mars lander,1
459,Grassroots Coalition Shares ‘Many Questions and Concerns About Betsy DeVos’ with Senators,0
460,October 28: Daily Contrarian Reads,1
461,Trump at Inaugural Balls: ’Now the Work Begins ... We Are Not Playing Games’ - Breitbart,0
462,Trump’s Choice of Stephen Bannon Is Nod to Anti-Washington Base - The New York Times,0
463,Media Outrage over White House ’Exclusion’ is Fake News - Breitbart,0
464,Benny Morris’s Untenable Denial of the Ethnic Cleansing of Palestine,1
465,Obama: Hillary Clinton Pardon Could Heal Divided Nation,1
466,Exceptional Handling,1
467,Nota conceptual para la presidencia de Rusia,1
468,Response of Philippines President to Fatal Blast Raises Fears - The New York Times,0
469,David Adjaye on Designing a Museum That Speaks a Different Language - The New York Times,0
470,BULLETIN: There ARE Righteous Jews For Trump!; Rule Or Ruin For GOP Establishment; etc.(60 ITEMS!),1
471,Hallowe'en - The Day of the Aos Si,1
472,Britain Reduces Terror Level One Notch to ‘Severe’ After Terror Cell Arrests,0
473,"Mute and Alone, He Was Never Short of Kind Words or Friends - The New York Times",0
474,Iranian Military Commander Claims Rogue Nation Sending Elite Fighter’s to Infiltrate the US and Europe,1
475,All Brexit arguments settled by 0.5 per cent third-quarter growth,1
476,No Account for You,1
477,Watch: Muslim Student Claims that Non-Believers Will Be Killed in Islamic Countries - Breitbart,0
478,Yemen and YET another “False Flag” to Protect Saudi and US Interests in the Middle East | New Eastern Outlook,1
479,Over 500 Russian and Egyptian Troops Train to Kill Terrorists (Photos) - Boris Egorov,1
480,"Watch: Muslim ‘Palestinians’ Declare “We follow our Prophet Muhammad, we will kill all Christians and Jews”",1
481,Street dogs of Kerala call upon superdog Krypto to rescue them from humans,1
482,Israel Tracked ‘Anti-Government’ Journalists On Facebook,1
483,New Alaska Law Taking First Step Against Common Core,1
484,Key Baylor Football Executive DeMarko Butler Fired in Texting Scandal - Breitbart,0
485,Calgary Airport Arrivals YYC,1
486,George Michael Wrestled With Fame. Frank Sinatra Had Some Advice. - The New York Times,0
487,"Sharon Olds, Laureate of Sexuality, Scrutinizes the Body in ‘Odes’ - The New York Times",0
488,Blue Collar Election Shocks Liberal Media,1
489,Markets collapse as Donald Trump is projected to win,1
490,,1
491,‘They Will Have to Die Now’ - The New York Times,0
492,Казахстан на страже ядерной безопасности | Новое восточное обозрение,1
493,Police fire rubber bullets at pipeline protesters,1
494,Ann Coulter Hits Supposed ’Gay Icon’ Kathy Griffin on ISIS-Cribbed Antics,0
495,Contaminated Food from China Now Entering the U.S. Under the 'Organic' Label,1
496,Ten Famous People on What to Read This Summer - The New York Times,0
497,SCANDAL: EPA could have issued an emergency order 7 months before...,1
498,Hillary Clinton KNEW 5 years ago Anthony Weiner was a Pedophile - Wikileaks,1
499,أوروبا وخيار القوة في مواجهة اللاجئين - RT Arabic,1
500,A $150 Million Stairway to Nowhere on the Far West Side - The New York Times,0
501,Cyber War  From Trifle to Catastrophe     : Information,1
502,President Putin Asks US To Stop Provoking Russia,1
503,Inquiries Cloud de Blasio’s Bid to Come Off as Strong Manager Before ’17 Race - The New York Times,0
504,"US Drone Strike In Afghanistan Kills, Wounds Several Civilians",1
505,"Bobby Hutcherson, Vibraphonist With Coloristic Range of Sound, Dies at 75 - The New York Times",0
506,Tourist helicopter crashes into house in Sochi. Video,1
507,Amnesty Advocates Boycott Agency Meetings When Pro-American Advocates Are Invited - Breitbart,0
508,"Project Veritas 4: Robert Creamer’s Illegal $20,000 Foreign Wire Transfer Caught On Tape",1
509,Ex-FLOTUS Michelle Obama: Trump Wants to Feed ’Crap’ to Your Kids,0
510,South Sudan Slides Closer to War as Gunfire Rumbles in Its Capital - The New York Times,0
511,Busted: Bill Recorded Telling Mistress To Deny That Clintons Helped Her Get A State Job,1
512,Alabama Declares State Of Emergency Over Pipeline Explosion,1
513,"“National Mood” Focus Group Reflects Angry, Divided America",1
514,ЕС намерен расширить санкции в отношении Сирии,1
515,Bankrupt Puerto Rico Voting on U.S. Statehood - Breitbart,0
516,Overwhelmed by ‘Brexit’? Here Are the Basics - The New York Times,0
517,Seattle’s Gay Mayor Accused of Sexually Molesting Teens in the 1980s - Breitbart,0
518,Gender Fluidity on the Runways - The New York Times,0
519,US NATO To Attack Putin Military Drills in Russia – World War 3 RED Alert Kopya,1
520,New Clinton Emails Came From Underage Sex Pest Anthony Weiner,1
521,"In a Montana Bear Attack, Lessons on Hope, Survival and First Aid - The New York Times",0
522,‘What Is Best About America’ - The New York Times,0
523,The Pecan Steps Off the Pie Plate - The New York Times,0
524,When Barack Obama Plagiarized ’Don’t Tell Me Words Don’t Matter’ - Breitbart,0
525,"Lower Back Ache? Be Active and Wait It Out, New Guidelines Say - The New York Times",0
526,"‘If I Sleep for an Hour, 30 People Will Die’ - The New York Times",0
527,"‘Veep’ Season 5, Episode 7: Do a Little Dance ... - The New York Times",0
528,"On ‘Dr. Oz,’ Trump Offers Placebo Transparency - The New York Times",0
529,Comment on Gold Medalist Wrestler Gets Violent with Police — All 7 Cops Choose Not to Engage in Deadly Force by Buck Rogers,1
530,One Year of Water in Orange County in Just Four Days - Breitbart,0
531,Doctors With Enemies: Did Afghan Forces Target the M.S.F. Hospital? - The New York Times,0
532,"2,700-year-old Hebrew mention of Jerusalem found",1
533,Spirit Cooking: The Most Disturbing Podesta Email Yet? (Warning: Graphic Content),1
534,Donald Trump’s Missteps Risk Putting a Ceiling Over His Support in Swing States - The New York Times,0
535,,1
536,Green Party’s Margaret Flowers Challenges US Senate Debate in Maryland as Undemocratic,1
537,Officer Rescues Drowning Deer From Pool With Quick-Thinking,1
538,"Police: Suspects Punch Army Veteran, Steal His Service Dog Outside Home in the Bronx - Breitbart",0
539,Insurance Prices for Many Obamacare Customers Will Rise By Double Digits in 2017,1
540,YIKES! Megyn Kelly Receives RUDE AWAKENING- Reminded She’s REPLACEABLE!,1
541,,1
542,Iran Sending Elite IRGC Warfighters Into Europe And United States In Preparation For Battle,1
543,Hillary Endorsed Donald Trump for President According to Wikileaks,1
544,Woodward: Trump Dossier Is a ’Garbage Document’ - Intelligence Chiefs Should ’Apologize’ to Trump - Breitbart,0
545,Emmy Nominations 2016: Tracy Morgan on His Emotional Return to ‘Saturday Night Live’ - The New York Times,0
546,"Trump Picks Mick Mulvaney, South Carolina Congressman, as Budget Director - The New York Times",0
547,"Donald Trump, el primer presidente naranja de los Estados Unidos",1
548,Re: Why Did Attorney General Loretta Lynch Plead The Fifth?,1
549,Russia: U.S. Missile Defense ’Poses Deep Risk’ to Security of Asia,0
550,What Does Washington ‘Plan B’ in Syria Really Mean?,1
551,"Upset by Brexit, Some British Jews Look to Germany - The New York Times",0
552,"Girl Asks Her 20 Boyfriends To Each Give Her an iPhone, Uses The Money To Buy a House",1
553,"В МВД опровергли, что разыскивают 13-летнюю дочь Сердюкова",1
554,Amnesty International Slams Obama Gov for Killing 300 Civilians in Syria,1
555,,1
556,Finding His Flock: A Rural Writer’s Book Club - The New York Times,0
557,Venezuela crisis enters dangerous phase as Maduro foes go militant,1
558,Emigre Super Blocs Part VIII:The Quasi-Legal Coup-Hillary Clinton Information Operations In Election 2016,1
559,How Could You? 19 Questions to Ask Loved Ones Who Voted the Other Way - The New York Times,0
560,The BBC Asks – What Really Happened With the Clintons in Haiti?,1
561,Trump Picks Thomas Bossert as Top Counterterrorism Adviser - The New York Times,0
562,,1
563,Coming Unglued,1
564,"Trump Jr. Suspiciously Helps Arizona Woman Push Stalled Car, Uses It As A Photo Op (VIDEO)",1
565,Suicides by Chicago Police Officers Skyrocket,0
566,So you think SUVs are safe? Shocking video,1
567,,1
568,"20 People Tortured, Killed at Sufi Muslim Shrine in Pakistan",0
569,Comment on Architecture is More Than a Clever Arrangement of Bricks: This Man Transforms it Into a Healing Process by Architecture is More Than a Clever Arrangement of Bricks: This Man Transforms it Into a Healing Process - New Earth Media,1
570,Hybrid Wars 8. Strategies Against Africa – Introduction,1
571,Julian Assange to Speak Prerecorded RT Interview (11/5/16),1
572,Watch: Israel Loving Hollywood Actor Just Issued Major Plea To America In 3 Minutes That’ll Rock The Election,1
573,Le top des recherches Google passe en top des recherches Google >> Le Gorafi,1
574,"On ‘S.N.L.,’ Donald Trump Botches His ‘Independence Day’ Moment - The New York Times",0
575,Man who ‘doesn’t care’ about election acting like some sort of Buddha,1
576,"Exclusive: Congresswoman Marsha Blackburn Says, ‘Eliminate Net Neutrality to Preserve an Open Internet’ - Breitbart",0
577,How To Attach A Year-Round Greenhouse To Your Own Home,1
578,"SHERIFF CLARKE On Obama’s Final Days: “Obama’s Like A Tenant Who’s Been Evicted From A Property, And He’s Gonna Trash The Place On The Way Out The Door” [VIDEO]",1
579,45 Weird Bans on Women in Iran,1
580,,1
581,The End Game Closes In On The Clintons As The Deep State Turns,1
582,Does Trump Have a Fighting Chance Against the Establishment | New Eastern Outlook,1
583,"In Trade Stances Toward China, Clinton and Trump Both Signal a Chill - The New York Times",0
584,"Review: ‘The Secret Life of Pets’ Amuses, but Misses Opportunities - The New York Times",0
585,Компания Alibaba открыла вакансию кота,1
586,First case of demonetisation-related HIV after man has unprotected sex with an ATM machine,1
587,5 Things You Need to Know About the Dakota Access Pipeline Protests,1
588,Koch Brothers Battle to Prevent Dark Money Disclosure in South Dakota,1
589,"MILO Berkeley Event Evacuated as Masked Protesters Light Fires, Storm Venue - Breitbart",0
590,"""Authoritarianism"": How the West demonizes strong, popular leaders",1
591,Swedish Journo: Sweden Will Collapse Without Illegal Migrants,0
592,Is your promising internet career over now Vine is dead? Write for NewsBiscuit to cheer yourself up,1
593,"In Iowa, Trump Voters Are Unfazed by Controversies - The New York Times",0
594,Radical American-Grown Marxist Terror Group Just Made Announcement For January 20th | Conservative Daily Post,1
595,"Guardian Opinion Writer: Trump, Bannon Counting On Terrorist ’Massacre’",0
596,Putin’s Pro-Trump Online Trolls Just Spilled The Beans To Samantha Bee,1
597,"Along Mosul’s Front Line, Desperate Civilians and Dug-In Troops and Fighters - The New York Times",0
598,"As Second Avenue Subway Opens, a Train Delay Ends in (Happy) Tears - The New York Times",0
599,71-Year-Old Cher Dons See-Through Top and Nipple Pasties at Billboard Awards,0
600,Report: Stopping Only Nine Percent of Illegal Alien Border Crossers Would Pay for Trump’s Border Wall - Breitbart,0
601,ICE Union Issues Final Warning to Voters,1
602,How an Elite New York Police Unit Rehearses for a Terrorist Attack - The New York Times,0
603,"Trump's Hollywood Star Vandal Outs Himself in Shameless New Video, Taunts Police Seeking Him Out",1
604,California Today: A View of San Francisco’s Leaning Tower From Space - The New York Times,0
605,"Matthews: Trump’s Speech What Putin Has Been Saying, ’America First’ Has ’Hitlerian Background’ - Breitbart",0
606,"Vladimir Putin at the Valdai International Discussion Club : «Shaping the World of Tomorrow», by Vladimir Putin",1
607,Chinese Social Media Rages over United Airlines Controversy - Breitbart,0
608,America Is Better Without Borders,1
609,"More Than ’Chaos’: Terror Ties Make Venezuela Direct Threat to USA, Former UN Security Council President Says - Breitbart",0
610,Rick Ross Documentary Video Doubles as Ad for Checkers - The New York Times,0
611,Oil has been spilling into the Pacific Ocean since last month and its being totally ignored,1
612,Podesta To Mills: “We Are Going To Have To Dump All Those Emails”,1
613,"Hillary Collapses On Her Way To The Stage, Sellout Bruce Springsteen Covers For Her – The Resistance: The Last Line of Defense",1
614,Those Who Thoughtlessly Disbelieve “Conspiracy Theories” Need To Read This,1
615,Dr. David Duke and Dr. Slattery Expose Hillary’s Treason and Why Trump & Duke will Win!,1
616,Russian frigate off Syrian cost blasts terrorist HQ with cruise missiles (VIDEO),1
617,"Hillary Clinton Liked Covert Action if It Stayed Covert, Transcript Shows - The New York Times",0
618,Accusing two young men in Al-Qatif,1
619,US: Kurdish Troops Will Be Involved in Invading ISIS Capital of Raqqa,1
620,Awakened Humanity Awaits Fully Scripted Ending As Controversial Election Day Nears,1
621,George Soros-Backed Climate March Brings Celebs to National Mall on Sweltering Saturday - Breitbart,0
622,"Edward Snowden’s Long, Strange Journey to Hollywood - The New York Times",0
623,The “Blacks For Trump” Man Once Belonged To A Murderous Cult,1
624,Bill Clinton’s Lover: He Called Ruthless Hillary ‘The Warden’,1
625,Fox News Just Exposed Hillary’s ILLEGAL VOTING Scheme To The Entire Country!,1
626,"Russia, Cina e Arabia Saudita domano l'egemonia del dollaro, di Ariel Noyola Rodríguez",1
627,"In Its Third Month, India’s Cash Shortage Begins to Bite - The New York Times",0
628,There’s Only One Trump Administration Position That’s Gaining Popularity And It’s Going To Shock You - Breitbart,0
629,Bill Clinton Said White Middle-class Life Expectancy Declined During Obama Years,1
630,Furious Eric Holder Just Issued A Dire Warning About Comey’s Partisan Smears,1
631,Memo to Trump: 'Action This Day!',1
632,Chaos and Desperation as Thousands Flee Aleppo Amid Government Advance - The New York Times,0
633,Wildfire Empties Fort McMurray in Alberta’s Oil Sands Region - The New York Times,0
634,PressTV-Russian warships flotilla off Syrian coast,1
635,Schumer: Sessions Should Be Investigated - He ’Seems To Be Violating’ His Recusal - Breitbart,0
636,"Amid Division, a March in Washington Seeks to Bring Women Together - The New York Times",0
637,"Zoe Saldana: Trump Won Because Hollywood ’Got Cocky, Became Arrogant Bullies’",0
638,‘Anti-Establishment’ Trump Plans to Appoint Goldman Sachs and George Soros Insiders,1
639,Do Cholesterol Drugs Have Men By Their Gonads?,1
640,"Trump: Flynn Treated ’Very Unfair’ by ’Fake Media,’ Illegal Leaks - Breitbart",0
641,"California Today: In Virtual Reality, Investigating the Trayvon Martin Case - The New York Times",0
642,"Nearly 8 Decades Later, an Apology for a Lynching in Georgia - The New York Times",0
643,Marcia Clark Finally Has a Moment to Savor at the Emmys - The New York Times,0
644,"In ‘Brexit’ Speech, Theresa May Outlines Clean Break for U.K. - The New York Times",0
645,A Man Who Hated Black Men Found a Victim Who Cared for Others - The New York Times,0
646,Michael Flynn Failed to Disclose Income From Russia-Linked Entities - The New York Times,0
647,US Supreme Court justice groped female lawyer in 1999: Report,1
648,Federal Judge Throws Out Convicted D.C. Sniper’s Four Life Sentences,0
649,"Donald Trump, Obama, Thanksgiving: Your Weekend Briefing - The New York Times",0
650,Очередная автоколонна МЧС с гуманитарной помощью направилась в Донбасс,1
651,The Crisis of the European Union Is Irreversible - Giancarlo Elia Valori,1
652,"Meet the Neocons, 9/11 Criminals and Goldman Bankers On Team Trump : The Corbett Report",1
653,Vine 2013-2016: celebrate the life and death of an app with these 12 clips,1
654,"Squatty Potty CEO: Griffin Image ’So Divisive and So Disturbing, You Don’t Have a Decision, Really’",0
655,11 Things To Let Go Of Before The New Year,1
656,Comment on MA police union posts pics of Hillary being arrested on Facebook by Dan,1
657,Koch Brothers Secretly Allied w. George Soros for Hillary Clinton,1
658,Trump Expands Search for His Secretary of State - The New York Times,0
659,"Teacher To 11 yr Old: 'I Can't Wait Until Trump Is Elected,He's Going To Deport All You Muslims'",1
660,"Cost, Not Choice, Is Top Concern of Health Insurance Customers - The New York Times",0
661,Shaq Announces Plan to Run for Sheriff in 2020 - Breitbart,0
662,Illegal Immigrants Crossing The Border To Vote,1
663,Pirates Fail to Take the Helm: Iceland’s Pirate Party Gains Mileage But not Enough to Steady Ship Alone,1
664,The Billionaire Who’s Building a Davos of His Own - The New York Times,0
665,Running Into Danger on an Alaskan Trail - The New York Times,0
666,Ve la película de su vida y descubre que ha llevado siempre un trozo de lechuga entre los dientes,1
667,"Dems Win Congressional Baseball Game, Give Trophy to Republican Steve Scalise - Breitbart",0
668,France 2015 to Present: Strict Gun Control a Paper Tiger - Breitbart,0
669,"China, Russia, The Silk Road, Commodities, Nixon And A Massive Bull Market In Gold & Silver",1
670,Troubled Quarterback Johnny Manziel to Appear at Shopping Mall to Sign Autographs During Next Super Bowl - Breitbart,0
671,Bob Dylan Accused of Lifting Parts of Nobel Prize Speech from SparkNotes,0
672,"After Blimp Crash and E. Coli Contamination, Snakebitten U.S. Open Witnesses a Spectator Death - Breitbart",0
673,Public Employees and the Shadow World of American Carnage,0
674,The Syria conundrum - Press TV,1
675,ESPN’s LZ Granderson: ’Justified’ to Think Kaepernick Is Being ’Blackballed’ if Nobody Signs Him - Breitbart,0
676,Prescription Painkiller Deaths Dropped 25% in States That Legalized Marijuana,1
677,We’re in a Low-Growth World. How Did We Get Here? - The New York Times,0
678,"Istanbul, Donald Trump, Benjamin Netanyahu: Your Morning Briefing - The New York Times",0
679,Hitler or Hillary?,1
680,Dalian Wanda’s Hollywood Event Is Itself a Production - The New York Times,0
681,Comment on 2:00PM Water Cooler 11/2/2016 by Timmy,1
682,Breakdown of the Clinton Money Machine,1
683,,1
684,"California, at Forefront of Climate Fight, Won’t Back Down to Trump - The New York Times",0
685,The New York Times to Offer Open Access on Web and Apps for the Election - The New York Times,0
686,Fifth Varshavyanka submarine joins Russia’s Navy | Russia & India Report,1
687,"G.E., the 124-Year-Old Software Start-Up - The New York Times",0
688,"$2,700 for Hillary Clinton at ‘Hamilton’? That Would Be Enough - The New York Times",0
689,Brain Concussions in Children and Adults: What to Know About Vaccine Damage,1
690,Trump the Great — Paul Craig Roberts,1
691,"Hillary FRANTIC As Dirty Secret Implodes, Gets Worse With Prison Bombshell",1
692,Renting a Car? Know the Rules of the Road - The New York Times,0
693,All Impeachments Are Political. But Was Brazil’s Something More Sinister? - The New York Times,0
694,"Trump, in Interview, Moderates Views but Defies Conventions - The New York Times",0
695,"Review: ‘Sweetbitter,’ a ‘Bright Lights, Big City’ for the Restaurant Set - The New York Times",0
696,Gonzaga Beats South Carolina in Final Four for Shot at Another First - The New York Times,0
697,"Gorka: Trump ’Is Not an Interventionist Commander-in-Chief,’ ’Nothing Has Changed’ - Breitbart",0
698,Re: Thank You FBI: The Clinton Email Investigation Has Shifted The Poll Numbers Significantly In Trump’s Favor,1
699,"Race, Not Class, Dictates Republican Future",1
700,"Gorsuch: Scalia A ’Lion of the Law’ - Judges Should Look to What Law Demands, Not What They Prefer - Breitbart",0
701,"NC State Provides Students with Post-Election Comfort Food, Therapy",1
702,Iraqi Troops Push Further into Mosul; 202 Killed Across Iraq,1
703,"Pregnant Women Turn to Marijuana, Perhaps Harming Infants - The New York Times",0
704,,1
705,Biggest Winners and Losers of the 2016 U.S. Presidential Election,1
706,"Is Trump Psychic? Listen To His Words One Year Ago, Look At What JUST HAPPENED!",1
707,McCain: Trump’s Attacks on Press Are ’How Dictators Get Started’ - Breitbart,0
708,JUDGMENT DAY: The One Reason Why Every Christian And Jew In America Should Vote For Donald Trump,1
709,The Only Coup Is a Stolen Election,1
710,СМИ: в России создадут систему для отслеживания приближающихся со стороны Солнца тел,1
711,5 Things You Need to Know About the Blacked Out Dakota Access Pipeline Protests,1
712,Germany: Iraqi Asylum-Seeker Convicted of Raping Chinese Students,0
713,Teenage Boy KNOCKS OUT His Classmate For Assaulting Their Female Teacher In The FACE- And It’s EPIC!,1
714,What Does it Take to Bring Hillary Clinton to Justice?,1
715,ICE Rounds Up 44 Criminal Aliens in Texas Capital,0
716,"The Election: Of Hate, Grief, and a New Story",1
717,Hillary has a question about Michelle Obama; Can you help her out?,1
718,"Keith Vaz, British Lawmaker, Quits Senior Post Amid Sex and Drug Scandal - The New York Times",0
719,Comment on Sunday Devotional: The whole Universe is as a grain by Sunday Devotional: The whole Universe is as a grain — Fellowship of the Minds | kommonsentsjane,1
720,"Donald Trump, Syria, Emperor Akihito: Your Morning Briefing - The New York Times",0
721,HELL HAS FROZEN OVER! Michelle Obama Just Made A Hillary-Destroying Move On Twitter,1
722,FLYNN: Critics Call Nuclear Scientist Miss USA ’Dumb’ After She Disses Feminism and Calls Health Care a ’Privilege’ - Breitbart,0
723,"Hampshire College Student Accused of Assaulting Basketball Player for Wearing Hair Braids, Claims ’Cultural Appropriation’ - Breitbart",0
724,The Obamamometer’s Toxic Legacy: The Rule of Lawlessness,1
725,,1
726,"For Simone Manuel, Gold Ripples Beyond the Pool - The New York Times",0
727,Rand Paul: Polls Showing Hillary Ahead Are ‘Designed To Suppress Turnout’,1
728,How Voting Machines Are Programmed In Order To Steal Elections,1
729,"Redrawing the tree of life: Scientists discover new bacteria groups, stunning microbial diversity underground",1
730,Trump And Putin: 'We Will Destroy ISIS Once And For All!',1
731,Russia may run out of patience and respond to USA's rudeness,1
732,PHOTO: Game Camera Catches Glimpse Of Possible 3-Antlered Buck,1
733,Turkey’s Relations With Europe Sink Amid Quarrel With Netherlands - The New York Times,0
734,WikiLeaks Documents Reveal United Nations Interest In UFOs [VIDEO],1
735,Blue State Blues: The Deliberate Politicization of Intimacy,0
736,"Clare Hollingworth, Reporter Who Broke News of World War II, Dies at 105 - The New York Times",0
737,North Miami Police Officers Shoot Man Aiding Patient With Autism - The New York Times,0
738,The Path to Total Dictatorship: America's Shadow Government and Its Silent Coup,1
739,Americans given historic opportunity to tell Donald Trump to go fuck himself,1
740,"Efforts to Curb Police Abuses Have Mixed Record, and Uncertain Future - The New York Times",0
741,Did This Just Signal A Major Bottom In Gold & Silver?,1
742,"Hey Ho, It’s Old: England Embraces Punk Rock 40 Years Later - The New York Times",0
743,"Canoes Reek of Genocide, Theft and White Privilege, Says Canadian Professor",1
744,Illegal Immigrant Advocates Pledge to Resist Deportation Under Trump,1
745,CDC Scientist Confirms Donald Trump is Right About Vaccines and Autism,1
746,Breitbart News Daily: Draining the Swamp - Breitbart,0
747,Trump: The Media’s Frankenstein Monster,1
748,Watch: Tony Romo Says Goodbye to Dallas Cowboys in Instagram Video - Breitbart,0
749,Globalism: A Far-Right Conspiracy Theory Buoyed by Trump - The New York Times,0
750,Georgia Father Is Convicted of Murder in Toddler’s Death in Hot Car - The New York Times,0
751,Richard Bolles Dies at 90 Wrote ‘What Color Is Your Parachute?’ - The New York Times,0
752,Stranahan: Steve Bannon Nailed It on the Media’s Fight Against Trump - Breitbart,0
753,Texas Elector Expects Massive Corruption Related to the Electoral College Vote,1
754,Not Guilty: The Power of Nullification to Counteract Government Tyranny,1
755,More Than 1/4 Trillion In New Debt In 30 Days,1
756,Tory Councillor Say Homeless People Should Be ‘Eliminated’,1
757,"Review: In ‘Hillbilly Elegy,’ a Tough Love Analysis of the Poor Who Back Trump - The New York Times",0
758,Criminal-in-chief?,1
759,"All Governments Lie, The Movie",1
760,"Trump and Brexit Defeat Globalism, for Now Anyway",1
761,"Facing Congress, Some Sports Officials (Not All) Begin to Confront Sexual Abuse - The New York Times",0
762,Airbnb Ends Fight With New York City Over Fines - The New York Times,0
763,Big Pharma’s Martin Shkreli Suspended From Twitter - Breitbart,0
764,"Next Big Tech Corridor? Between Seattle and Vancouver, Planners Hope - The New York Times",0
765,Evidence That Robots Are Winning the Race for American Jobs - The New York Times,0
766,Hillary Clinton’s “Sudden Move” Of $1.8 Billion To Qatar Central Bank Stuns Financial World,1
767,Seeing Africa by Road - The New York Times,0
768,What happens when Hip-Hop Hillary goes for dead-broke? Brace yourselves.,1
769,Bill Maher Isn’t High on Trump: The State of Free Speech in a New Era - The New York Times,0
770,The L.P.G.A. Tour and Donald Trump: It’s Complicated - The New York Times,0
771,"Legend Art Cashin On A Trump Presidency, The New World Order, Gold, Brexit, The Great Depression And Why We Will See Panic",1
772,FL Sheriff: ’Not a Day Goes By That We All Don’t Arrest A Lot of Illegal Aliens’ Who Are ’Preying’ on People - Breitbart,0
773,Donald Trump Threatens to Cancel Berkeley Federal Funds After Riots Shut Down Milo Event,0
774,Концепция записка российского председательства,1
775,"Bill Herz, Last of ‘War of the Worlds’ Broadcast Crew, Dies at 99 - The New York Times",0
776,Gary Johnson Equates Syria Deaths Caused by Assad and West - The New York Times,0
777,Republican Senators Bill to Defund UN Over Anti-Israel Resolution,0
778,,1
779,"Rose Evansky, a Pioneer in Women’s Hairstyling, Dies at 94 - The New York Times",0
780,,1
781,"Blackstone, Saudi Arabia Announce $40 Billion Investment in U.S. Infrastructure - Breitbart",0
782,Saturated Fat and Heart Disease: “The Greatest Scam in the History of Medicine”,1
783,Dem Sen Merkley: Gorsuch Nomination A ’Court-Packing Scheme’ - He Should Have Turned Down Nomination - Breitbart,0
784,Four Common Mistakes When Burning Wood,1
785,Push for Internet Privacy Rules Moves to Statehouses - The New York Times,0
786,,1
787,Madonna Gave a Surprise Pop-Up Concert to Support Clinton. We Were There. - The New York Times,0
788,Women won't earn the same as men for another two centuries - report,1
789,Trump Supporter Plans Anti-Trump Rally over Lack of Tax Reform,0
790,British Healthcare Offers a Glimpse into the Future of Obamacare,1
791,,1
792,Trump to Iranian President Rouhani: ’Better Be Careful’ - Breitbart,0
793,BREAKING: Sec of Defense Carter Attempting to Fool the American Public About Veterans! Caught Red-Handed!,1
794,Putin’s Adviser Takes Credit For Trump Victory: ‘Maybe We Helped A Bit With Wikileaks’,1
795,Warren Buffett Stake Suggests Apple Is All Grown Up - The New York Times,0
796,Re: The FBI's Clinton Email Investigation Has Shifted Poll Numbers Significantly In Trump’s Favor,1
797,Hillary Horrified As 2 Pics Surfaced Overnight That She Didn’t Want Out,1
798,"Paul LePage, the Governor of Maine, Now Says He’s Not Quitting - The New York Times",0
799,Colorado Radio Station’s Paul Martin Interviews Dave Hodges on Election Fraud and Standing Rock,1
800,Bill Clinton Wants to be Called Something Completely Ridiculous if Hillary is Elected,1
801,"After Her Son’s Death, Sally Mann Stages a Haunting Show - The New York Times",0
802,Trump Team’s Links to Russia Crisscross in Washington - The New York Times,0
803,North Korean Is Arrested in Killing of Kim Jong-un’s Half Brother - The New York Times,0
804,SURGEONS ADMIT THAT MAMMOGRAPHY IS OUTDATED AND HARMFUL TO WOMEN,1
805,Le terrorisme régional protège Israël,1
806,WAR ON THE STREETS OF PARIS: Armed migrants fight running battles in the French capital,1
807,Oscar Voter: Meryl Streep Only Nominated for Anti-Trump Speech,0
808,Texas Enacts ’Anti-Sharia’ Law,0
809,Chicago Police Board Chair: Windy City Needs Federal Help to Turn Tide on Crime - Breitbart,0
810,Looking Beyond November 8th - A Song of Oligarchy and Doom,1
811,"Hillary cancels public appearance due to a large crowd of people chanting ""Lock Her Up!""",1
812,Schools All Over America Are Closing On Election Day Due To Fears Of Violence,1
813,Neil Young Celebrates His 71st Birthday By Performing At Standing Rock,1
814,"Exclusive — Amid Paul Ryan’s Obamacare 2.0 Push, Mississippi’s Chris McDaniel Preps for Potential 2018 Senate Run - Breitbart",0
815,BOOM: Short List of People More Inspiring Than Michelle Obama,1
816,‘More Artists Are Going to Boycott’: The Grammys Face Fallout After Fraught Awards - The New York Times,0
817,"VIDEO: Idiot Destroys Trump’s Hollywood Star, Gets BAD NEWS Seconds Later",1
818,"“He Won Because The Elites WANT HIM There, The Global Economy WILL Collapse”",1
819,4 Best Health Benefits of Sweating,1
820,Senate Confirms Scott Pruitt as E.P.A. Head - The New York Times,0
821,"Crickets, Snakes, Crabs: A Mix of Fact and Fraud in New York’s Subway - The New York Times",0
822,Sessions’s Potential Deputy Faces a Stern Test on Russia Inquiries - The New York Times,0
823,‘Suicide Squad’ Tops Box Office for Second Weekend - The New York Times,0
824,Health Insurers Plan Rate Hikes for Obamacare Exchanges - Breitbart,0
825,Re: Looks Like Someone Thinks the Democrats in Ohio Are Full of Manure,1
826,"Syrian War Report – November 14, 2016: Govt Forces to Relaunch Offensive Operations inside and outside Aleppo",1
827,Mystery solved! So THIS is what gets Hillary Clinton to get movin’ – twitchy.com,1
828,Senate Narrowly Passes Rollback of Obama-Era ‘Auto-I.R.A.’ Rule - The New York Times,0
829,"In Cramped and Costly Bay Area, Cries to Build, Baby, Build - The New York Times",0
830,"Championing Optimism, Obama Hails Clinton as His Political Heir - The New York Times",0
831,Fiona Apple Releases a Trump Protest Chant - The New York Times,0
832,Susan Rice: U.S. Must Integrate LGBT Rights into Gov’t and Foreign Policy,1
833,Trump Organization Moves to Avoid Possible Conflicts of Interest - The New York Times,0
834,Sweden on the Brink? Police Force Pushed to Breaking Point by Violence amid Migrant Influx,1
835,Comment on Hemp vs Cotton: The Ultimate Showdown by Hemp: Readdressing Cannabis – kuebiko.co,1
836,"Jared Kushner, Trump’s Son-in-Law, Is Cleared to Serve as Adviser - The New York Times",0
837,"Fisherman Faces Life in Prison for Catching $500,000 Worth of Cocaine and Selling It - Breitbart",0
838,Stepping Out of the Ring While Rolling With the Punches - The New York Times,0
839,"Adnan Syed, of ‘Serial’ Podcast, Gets a Retrial in Murder Case - The New York Times",0
840,NYT Admits Key Al Qaeda Role in Aleppo,1
841,Scientists say weird signals from space are 'probably' aliens,1
842,U.S. Swimmers’ Disputed Robbery Claim Fuels Tension in Brazil - The New York Times,0
843,5 Ways to Take a Self-Care Vacation - The New York Times,0
844,370 Economists Sign Letter Urging America Not To Vote For Donald Trump,1
845,"Campaigns Are Long, Expensive and Chaotic. Maybe That’s a Good Thing. - The New York Times",0
846,‘Alien Megastructure’ Star Targeted by $100 Million SETI Search,1
847,,1
848,Brazen Killing of Myanmar Lawyer Came After He Sparred With Military - The New York Times,0
849,,1
850,Jane Pauley Is Back — Again - The New York Times,0
851,"People Power! Natives declare treaty rights, police admit defeat - cite lack of 'manpower' to remove DAPL protesters",1
852,Deutsche Bank Considering Alternatives To Paying Cash Bonus,1
853,All of “Danny Dyer’s Football Foul Ups” DVD in 90 seconds,1
854,Lack of Oxford Comma Could Cost Maine Company Millions in Overtime Dispute - The New York Times,0
855,European Parliament Committee Considering Legal Rights for Robots - Breitbart,0
856,"Rex Tillerson, an Aggressive Dealmaker Whose Ties With Russia May Prompt Scrutiny - The New York Times",0
857,NOT OVER: FBI To Conduct New Investigation Of Emails From Clinton’s Private Illegal Server,1
858,Hearts & Mines: The US Empire’s Culture Industry,1
859,"REPORT: Megyn Trashes Trump, Newt… Then Murdoch Announces Replacements Are Available",1
860,Russian scientists will track sea lions from space,1
861,"By Seizing the Definition of ‘Populism,’ Reuters Warns Us of Chaos to Come",1
862,Seaworthy and Ready for an Early Unveiling - The New York Times,0
863,Donald Trump Adds K.T. McFarland to His National Security Team - The New York Times,0
864,Snowstorm Brings Wintry Mix of Slush and Gripes - The New York Times,0
865,"Republicans, Wilders, Tillerson: Your Thursday Evening Briefing - The New York Times",0
866,Review: Bryan Cranston Shines as Lyndon Johnson in ‘All the Way’ - The New York Times,0
867,Samsung Urges Consumers to Stop Using Galaxy Note 7s After Battery Fires - The New York Times,0
868,Election Result Discussion For The 2016 Presidential Election (Open Thread),1
869,AG Lynch told FBI Director Comey NOT to go public with the new Clinton email investigation,1
870,VIDEO : Epic Loser Weiner Says He Downloaded ALL OF HUMA’S EMAILS By “ACCIDENT” – TruthFeed,1
871,“Donald Trump And The Rise Of White Identity In Politics”,1
872,GUEST POST: Why I’m Exceptional & Indispensable – by Hillary Clinton - Rob Slane,1
873,"Red, Blue and Divided: Six Views of America - The New York Times",0
874,France Identifies 2nd Man Who Attacked Church and Killed Priest - The New York Times,0
875,DREAMers Arrested in Nationwide Gang Crackdown,0
876,Maxine Waters: American Public ’Getting Weary’ That Trump Not Impeached Yet - Breitbart,0
877,WWN’s Horoscopes,1
878,Deported Italian Mobster Caught Sneaking Across U.S.-Mexico Border,0
879,Leaked Audio: Hillary Clinton Pushed “Rigging” Palestine Elections in 2006,1
880,How the Iranian-Saudi Proxy Struggle Tore Apart the Middle East - The New York Times,0
881,Lavrov and Kerry discuss Syrian settlement,1
882,"L'influence des USA et de l'Otan dans les rapports de l’UE avec la Chine, Manlio Dinucci",1
883,Monica`s Stained Blue Dress Back in the news,1
884,The MSM's twisted war language: Our 'sieges' and theirs,1
885,Open Borders Groups Gird for H-1B Fights,0
886,Report: Things Finally As Bad As Trump Claims - The Onion - America's Finest News Source,1
887,‘Trump Unveiled’ Reveals the Big Con of Donald Trump’s Presidential Run,1
888,Will WeinerGate Expose Darker and Dirtier Secrets Than We Imagined?,1
889,Wallonia caves in? Belgium reaches secret EU-Canada trade deal compromise,1
890,Trump’s election breaks chains of political correctness,1
891,"WhiteHouse.gov Takes Down Climate Page, Puts Up ’America First’ Energy Plan - Breitbart",0
892,Iran Warns President-Elect Trump Not To Mess With Their Sweetheart Nuclear Deal From Obama,1
893,Tony Perkins: Trump EO Re-Affirms Jefferson’s Doctrine of Separation of Church and State,0
894,The Moon that Fell from Heaven,1
895,‘Mom’ Stars Launch Campaign for Planned Parenthood,0
896,"Assad’s Lesson From Aleppo: Force Works, With Few Consequences - The New York Times",0
897,"Pence: Bossert and Bannon Weren’t Demoted, Both Will ’Continue to Play Important Policy Roles’ - Breitbart",0
898,Bundy Ranch occupiers acquitted on all counts after challenging the corrupt Bureau of Land Management,1
899,Report: Google Faces Fine of up to $9 Billion in EU Antitrust Case - Breitbart,0
900,Don’t ask Thom Yorke to write a cover quote for your book,1
901,Internet Flasher,1
902,Gretchen Carlson Suit Aims at Retaliation Over Discrimination - The New York Times,0
903,Google Launches AI Program to Detect ’Hate Speech’ - Breitbart,0
904,Why Polls Showing Hillary in The Lead Are Useless And Misleading [CARTOON],1
905,Why Last-Second Lane Mergers Are Good for Traffic - The New York Times,0
906,"In Macau, Skipping the Casinos, but Embracing the Past - The New York Times",0
907,"In Montreal, an Ungainly and Unloved Christmas Tree - The New York Times",0
908,"Photos of Jupiter From NASA Spacecraft, Both Near and Far - The New York Times",0
909,"Trump’s Labor Pick, Andrew Puzder, Is Critic of Minimum Wage Increases - The New York Times",0
910,Nico Rosberg Takes Formula One Drivers’ Title Despite Lewis Hamilton’s Win in Abu Dhabi - The New York Times,0
911,What a Sensory Isolation Tank Taught Me About My Brain - The New York Times,0
912,Chelsea Handler Botches Tweet Attacking Trump’s Grandchild,0
913,Report: Trump Moves to Own Tax Reform Plan Without Speaker Paul Ryan - Breitbart,0
914,,1
915,AG Jeff Sessions Unveils Program to Accelerate Deportation of Imprisoned Illegals - Breitbart,0
916,Former US Attorney for DC: New Hillary Email Probe Was Result of ‘Revolt’ Inside FBI,1
917,How Keeping Up Appearances Ruined a Former Dallas Banker - The New York Times,0
918,Sesame Seeds for Knee Osteoarthritis,1
919,How White Cops Interact with Blacks in Real Life,1
920,Pennsylvania Republican Pushing Ban on Private Gun Sales - Breitbart,0
921,"Review: In ‘Warcraft,’ Orcs of a Different Domain, Fighting With Heart - The New York Times",0
922,When Good People Share Bad Info — Here’s Why You Need to Fact Check Before You Click Share,1
923,"For Those Who Have It All, Charitable Wedding Registries - The New York Times",0
924,THIS IS IT: NYPD Just Raided Hillary’s Property! What They Found Will RUIN HER LIFE • USA Newsflash,1
925,Feinstein: Gorsuch’s ’Originalist’ Doctrine ’Really Troubling’ - Originalism Would Have Allowed Segregation - Breitbart,0
926,Confrontations Flare as Obama’s Traveling Party Reaches China - The New York Times,0
927,3 Reasons Why You Should Apply For A Job In The Trump Administration,1
928,Police truncheon anyone calling for Orgreave inquiry,1
929,And You Thought the Silver Market was Rigged!,1
930,UNSC Members Fail to Agree on New Zealand Draft Resolution on Aleppo,1
931,Can You Hear Agnes Martin’s Serenity in John Zorn’s Frenzied Music? - The New York Times,0
932,MUST SEE! “Welcome to the family.” Why so many Hispanic-Americans are voting for Donald Trump,1
933,"Iraqi Forces Enter Western Mosul, in Fierce Battle Against ISIS - The New York Times",0
934,Europeans have no future - Putin on Migrant Crisis [Video],1
935,"In Rolling Stone Defamation Case, Magazine and Reporter Ordered to Pay $3 Million - The New York Times",0
936,Hillary is Sick & Tired of Suffering from Weiner Backup,1
937,"Taiwan, Italy, Joe McKnight: Your Friday Evening Briefing - The New York Times",0
938,"Shiite militia says it is close to Tal Afar, which Turkey has warned is off limits",1
939,,1
940,Brother of Clinton’s Campaign Chair is an Active Foreign Agent on the Saudi Arabian Payroll,1
941,‘We Must Fight Them’: Trump Goes After Conservatives of Freedom Caucus - The New York Times,0
942,"ISIS Kidnaps, Kills at Least 30 Civilians in Afghanistan",1
943,Holding Hillary Accountable,1
944,BREAKING : TED CRUZ CALLS FOR SPECIAL PROSECUTOR TO INVESTIGATE HILLARY – TruthFeed,1
945,"Spared by Gunman in Charleston, Churchgoer Describes Night of Terror - The New York Times",0
946,War on Saturated Fats Has Harmed People in Poor Countries Who Shunned Traditional Fats Like Coconut Oil,1
947,"Democrats, With Garland on Mind, Mobilize for Supreme Court Fight - The New York Times",0
948,Comment on 4 of the Best Kinds of Milk That Aren’t Dairy by 4 of the Best Kinds of Milk That Aren’t Dairy – Collective Evolution | APG Editorial,1
949,"Harry Reid BLASTS Comey For Misconduct, Drops Bombshell: FBI Is Sitting On Russian-Trump Info",1
950,"NATIONAL REVIEW, Conservatism Inc., Plan To Cave EVEN MORE On Immigration!",1
951,[WATCH] Thug Calls US Marine a “Pussy” – Barely Lives to Tell the Tale,1
952,Will the next US president be a psycho lesbian? (plus 2 breaking news videos),1
953,Critics See Efforts by Counties and Towns to Purge Minority Voters From Rolls - The New York Times,0
954,"Your Evening Briefing: Hillary Clinton, Donald Trump, Cultural Revolution - The New York Times",0
955,,1
956,Indiana Parents Lose Their Baby and 2 Years of Their Lives in Jail for “Abuse” They Say Never Happened,1
957,The Rolling Stones Paint It Blue on Their New Album - The New York Times,0
958,Uber Extends an Olive Branch to Local Governments: Its Data - The New York Times,0
959,"Wilders: Put Dutch First, Not ’Brussels, Africa and Asylum Seekers’",0
960,Donald Trump: Good Education ‘Enriches Both the Mind and the Soul’,0
961,Watch: Brad Pitt Plays Afghanistan War General in ’War Machine’ Teaser - Breitbart,0
962,Two Powerful Earthquakes Strike Central Italy,1
963,Indoor Gardening Made Easy: The Nutritower!,1
964,Elizabeth Warren Defines Sleazy Hypocrisy,1
965,Rush Limbaugh: O’Reilly Departure Was Not ’Natural’ - It was a ’Campaign’ - Breitbart,0
966,Budgies demand to be released from weird people’s homes,1
967,"Museum Trustee, a Trump Donor, Supports Groups That Deny Climate Change - The New York Times",0
968,Cecile Richards Credits Planned Parenthood Supporters with Stopping AHCA - Breitbart,0
969,When They Switch the Chip On You Won’t Know Who You Are Anymore,1
970,U.S. Concedes $400 Million Payment to Iran Was Delayed as Prisoner ‘Leverage’ - The New York Times,0
971,,1
972,Australia Says It Foiled a Terrorist Plot - The New York Times,0
973,Oroville Dam: State and Federal Government Share Blame,0
974,The Daily Traditionalist: Jeff Schoep and the NSM,1
975,Michael Moore: Joe Blow Will Vote Trump As “Ultimate F–– You to the Elite… A Human Molotov Cocktail”,1
976,Jaguars Owner Shahid Khan Opposes Trump’s Immigration Ban - The New York Times,0
977,This anti-Trump advert on the side of a bus is really visually clever and you have to see it in motion,1
978,"A Piano Man of Many Faces, and Some Stranger Stories - The New York Times",0
979,"250,000 More Tickets to Be Released for ‘Harry Potter and the Cursed Child’ - The New York Times",0
980,FBI Visits Man at His Home After He Films US Postal Distribution Center,1
981,Hispanic Crowd Boos Marco Rubio off Stage,1
982,Fired TV Reporter: I’ve Received Thousands of ’Sexual and Violent’ Threats,0
983,Detained Illegal Aliens End 3-Day Hunger Strike,0
984,"US, Russia to Meet to Discuss Intermediate Nuclear Forces Treaty - Alex Gorka",1
985,"Breaking Silence, Officer Testifies About Killing of Walter Scott - The New York Times",0
986,The Onion’s Special Coverage Of Election Day 2016 - The Onion - America's Finest News Source,1
987,Illegal Immigrant Allegedly Kills for Parking Spot,0
988,Writing with pen and paper hailed as latest twatty show-off thing to do,1
989,President Trump Honors Little Sisters of the Poor on First White House Nat’l Day of Prayer in Years - Breitbart,0
990,Hillary Clinton Supporters Now Calling for a Recount of Votes in Battleground States,1
991,HBO Scraps Jon Stewart Animated Comedy Series,0
992,Sentencing for Murderer of Rare Book Dealer,1
993,The Latest Stock Market and Investing Books | Financial Markets,1
994,Fashion Industry CEO: Supporting Planned Parenthood Is a ‘Civic Responsibility’,0
995,"Anti-Trump protests are paid and staged, Craigslist reveals",1
996,"Men, Is Exercise Putting a Damper on Your Sex Life? - The New York Times",0
997,Baking Soda & Coconut Oil Can Kill Cancer: Eye-Opening Evidence,1
998,Saudi Arabia announces date certain for the application of VAT,1
999,"Trump, Citing No Evidence, Suggests Susan Rice Committed Crime - The New York Times",0
